{
    "cartPrice": "200.00",
    "cartNumber": 2,
    "items": [
        {
            "id": "1",
            "sizes": [
                {
                    "storeNumber": 2,
                    "sizeTitle": "XS(160/80A)",
                    "sizeProvisionalNumber": 0,
                    "number": 0,
                    "totalPrice": "0.00"
                },
                {
                    "storeNumber": 3,
                    "sizeTitle": "S (165/84A)",
                    "sizeProvisionalNumber": 1,
                    "number": 1,
                    "totalPrice": "100.00"
                },
                {
                    "storeNumber": 4,
                    "sizeTitle": "M (170/88A)",
                    "sizeProvisionalNumber": 0,
                    "number": 0,
                    "totalPrice": "0.00"
                },
                {
                    "storeNumber": 5,
                    "sizeTitle": "L (175/96A)",
                    "sizeProvisionalNumber": 0,
                    "number": 0,
                    "totalPrice": "0.00"
                }
            ],
            "imgs": [
                "img/img1.jpg",
                "img/img2.jpg",
                "img/img3.jpg",
                "img/img4.jpg",
                "img/img5.jpg"
            ],
            "price": "100.00",
            "title": "白衬衫限量版",
            "totalNumber": 1,
            "buttonTitle": "￥100.00",
            "cartNumber": 2,
            "cartPrice": "200.00",
            "totalPrice": "100.00"
        },
        {
            "id": "3",
            "sizes": [
                {
                    "storeNumber": 2,
                    "sizeTitle": "XS(160/80A)",
                    "sizeProvisionalNumber": 1,
                    "number": 1,
                    "totalPrice": "100.00"
                },
                {
                    "storeNumber": 3,
                    "sizeTitle": "S (165/84A)",
                    "sizeProvisionalNumber": 0,
                    "number": 0,
                    "totalPrice": "0.00"
                },
                {
                    "storeNumber": 4,
                    "sizeTitle": "M (170/88A)",
                    "sizeProvisionalNumber": 0,
                    "number": 0,
                    "totalPrice": "0.00"
                },
                {
                    "storeNumber": 5,
                    "sizeTitle": "L (175/96A)",
                    "sizeProvisionalNumber": 0,
                    "number": 0,
                    "totalPrice": "0.00"
                }
            ],
            "imgs": [
                "img/img1.jpg",
                "img/img2.jpg",
                "img/img3.jpg",
                "img/img4.jpg",
                "img/img5.jpg"
            ],
            "price": "100.00",
            "title": "白衬衫限量版",
            "totalNumber": 1,
            "buttonTitle": "￥100.00",
            "cartNumber": 1,
            "cartPrice": "100.00",
            "totalPrice": "100.00"
        }
    ]
}