{
    "id": "1",
    "sizes": [
        {
            "storeNumber": 2,
            "sizeTitle": "XS(160/80A)"
        },
        {
            "storeNumber": 3,
            "sizeTitle": "S (165/84A)"
        },
        {
            "storeNumber": 4,
            "sizeTitle": "M (170/88A)"
        },
        {
            "storeNumber": 5,
            "sizeTitle": "L (175/96A)"
        }
    ],
    "imgs": [
        "img/img1.jpg",
        "img/img2.jpg",
        "img/img3.jpg",
        "img/img4.jpg",
        "img/img5.jpg"
    ],
    "price": "100.00",
    "title": "白衬衫限量版"
}